tree	anchor_commit
0844b0df9d3942b487b8791569921cd57446cb4c	d4280498447b8fa01c383671d52e693cf5a3be53
1c2565c7c24eddb294ac1beaccd082b69a999b97	88115d63c7dd54343117bb4f94b7ffbe6c5c072e
1d5cb01b02850d361ffb6594ea8aa057af625060	0da9f7e9b5748753084a20f00081aa0d1390856d
1e0318abb925d67d3bcb8d279e2e8392e8251b79	ab55375161c017142cff3a7f04097feca61cee28
218d4ecc3e9620c513dc783df64a76656dfde846	0f872195ef72a8bbe6d777aa61da98b92941cdad
2b5c44eb51691550e4116157c71369bcc1d3f883	ff9387899ec5ad3bef51b8e6d005403c53788e5b
2f3d49941decfd1ea94df1bef7508918fbdcccc5	03ebfb22980982373f17300511cb2f2db0b1341b
4331f8ba10bae31597f8588f1a76bee29f3d0a14	b2d4072aa1104321cba3290785bba0c838e0375a
4fddde35a7af06e10ef02b1ae0bb1404de9f054a	b78658b2d5fbec771cf612a1aa067a8f302929a9
5283c91152dcda488929f405dc9df86151fc1058	eb6344f675902a716571e2b29003986ccf11ecdc
692d9700bab8b1d2cf8622db5d0ffc992a1f5a27	f9b724cdb3a5dfe4bdbf21fe25fef653ea33270f
724edf4a09b0b267603d1bd1b810112d35731257	3cf4aa8d9a71db0bf23e32bb87155c1315d00ec2
74e1b96e73447fd59fdbd73224029e58c378e226	26ce4ae60ad59aa10e5d34ec61039787552c546b
883eff67b8905edda8e53687c631352aa8196dba	19517a218c6e4da87bfe0bd7f37f999053fa6585
89eb9327f50d799c35791ae9ab7ed3d699ec4a9c	d98a758d5a007f3e8528365652619841fcaf05e8
8c8806c76aaa696b4d69677edf1c93788cf4fafb	51e835ef801832e9a3c321416fe097db980c948f
98d01b2c35d7d79b9b0d35ad13437f3fde88e042	1cedd472efc7a0178c935fe68f2b6d2bed394b44
afdab52eb6fb5af31bc3e2b1b795f5a11fcc5528	b7c0d4152e6eb890d0f2512f93390c0a2431b076
bcc76a96584ae286b7ca1e72cb6d9e39cfda5f23	a7d2beb50e38ea4e81cb5f0a0dea5225989a04ea
bdb5f2a6af13b9c28d1fcfa7581017baceed65ce	5b1620b4ad5a24a479b5fdf097e2ba8221191fc3
cca3cb11c8b3a9ce1d0966130e74e50f03c6123a	acb89cfa10184a865012e3982de897fe2afe4237
d31c664382959d25fdbdd2b525dce2e7df9a5fbf	0ffa136e509e089eed5dd62b577b6a4d47d8bed9
ddb2070dd769d476fb4f18341906b6af9b78003a	0f4414efe9e9f0ab871c4f15c165ad965e36c5f0
eb54be5047ce0404a6c04e12b24e77a862e818f7	e831d6677eb571fbc87bacd7056dd6f94481b501
f350d192700ec36e471c7880a38e1fd3282f54e7	af2fe6ef72a648426a9d4fa8472b1d55c6cceb1c
f41253b8c02735e582993d147ea4dab17ce0c7da	df5e6f7210e119df5c8660df99b8911d7bdb03bb
fa278dfd77f3c0cc2ab728a6f7c5ade0873eefd1	5d658d4775e79501270c22b415d8ab6e590d7d6d
fcd0fa3415e5d0ee9c6370b0f6f7362341a318b0	26eb70e5c6c89e471ed86b4a16aa96b68063ec72
